iteration,instance_start0,instance_started0,delta0,instance_start1,instance_started1,delta1
0,1651546916.022,1651547561.401,645.3789999485016,1651548068.518,1651548762.61,694.0920000076294
1,1651603187.796,1651603796.914,609.1180000305176,1651604299.513,1651604923.535,624.0220000743866
2,1651412520.359,1651413111.205,590.845999956131,1651413553.051,1651414178.808,625.7569999694824
3,1651523035.226,1651523639.239,604.0130000114441,1651524095.567,1651524717.115,621.5480000972748
4,1651597921.239,1651598531.556,610.316999912262,1651599046.252,1651599694.129,647.8769998550415
5,1651405094.441,1651405715.317,620.8759999275208,1651406160.534,1651406801.522,640.9880001544952
6,1651549653.83,1651550257.786,603.9560000896454,1651550760.402,1651551392.826,632.4240000247955
7,1651460009.757,1651460659.39,649.6330001354218,1651461166.177,1651461888.349,722.1719999313354
8,1651555154.47,1651555749.732,595.2620000839233,1651556259.615,1651556909.3,649.6849999427795
9,1651557805.536,1651558404.073,598.5369999408722,1651558912.302,1651559736.879,824.5769999027252
10,1651515010.547,1651515600.029,589.4820001125336,1651516091.055,1651516713.947,622.8919999599457
11,1651560624.038,1651561215.942,591.9039998054504,1651561749.603,1651562396.164,646.5610001087189
